ticker,market_group,L_past,L_future,discovered_states,statistical_complexity,runtime_seconds,error
EPOL,emerging,2,2,3,0.0075670788446232234,29.70488566699987,
EPOL,emerging,2,3,7,0.03533246247532491,29.004202000000078,
EPOL,emerging,2,4,8,0.03613076643753163,29.801161250000405,
EPOL,emerging,2,5,2,0.003786496461522925,29.012518500000624,
EPOL,emerging,2,6,8,0.04521400161713107,29.790940916999716,
EPOL,emerging,2,7,7,0.02594296430248741,28.52653220799948,
EPOL,emerging,2,8,4,0.017798360248135216,29.675976833000277,
EPOL,emerging,2,9,3,0.020011649094974594,29.092972708999696,
EPOL,emerging,2,10,5,0.021598130242862706,26.134269084000152,
EPOL,emerging,3,2,6,0.02213270556480998,27.067569333000392,
EPOL,emerging,3,3,8,0.03270306976197082,28.618569458999445,
EPOL,emerging,3,4,5,0.02777936767465466,27.014724874999956,
EPOL,emerging,3,5,6,0.028359776822866757,28.54989579099947,
EPOL,emerging,3,6,3,0.010791377896737822,27.131032708999555,
EPOL,emerging,3,7,3,0.010794117271251808,28.11046287499994,
EPOL,emerging,3,8,3,0.01987098195130978,27.64574566600004,
EPOL,emerging,3,9,3,0.013799854849220946,22.66214658300032,
EPOL,emerging,3,10,4,0.01459429349438915,23.78605879099996,
EPOL,emerging,4,2,3,0.010783168580003378,26.56765308300055,
EPOL,emerging,4,3,3,0.007572874374263213,26.624555500000497,
EPOL,emerging,4,4,4,0.011362034486240694,27.54220341600012,
EPOL,emerging,4,5,3,0.00757674326081334,26.270130790999247,
EPOL,emerging,4,6,3,0.010794117271251492,27.40002441699926,
EPOL,emerging,4,7,3,0.010796858115574655,26.580211541999233,
EPOL,emerging,4,8,3,0.010799600430914392,24.776062124999953,
EPOL,emerging,4,9,3,0.01080234421847813,21.846018791999995,
EPOL,emerging,4,10,4,0.011379472018247051,25.67748245799976,
EPOL,emerging,5,2,3,0.007572874374263215,24.91903162499966,
EPOL,emerging,5,3,3,0.007574808296955398,26.59860691599988,
EPOL,emerging,5,4,3,0.00757674326081334,24.984017374999894,
EPOL,emerging,5,5,3,0.00757867926669357,28.00244987499991,
EPOL,emerging,5,6,3,0.007580616315453906,25.497063792000517,
EPOL,emerging,5,7,3,0.007582554407953625,23.671128124999996,
EPOL,emerging,5,8,3,0.00758449354505187,21.5605185000004,
EPOL,emerging,5,9,3,0.007586433727610031,25.224268291000044,
EPOL,emerging,5,10,3,0.007588374956489688,24.087111249999907,
EPOL,emerging,6,2,2,0.003787463456866613,26.508129832999657,
EPOL,emerging,6,3,2,0.0037884309728220393,24.866398791999927,
EPOL,emerging,6,4,2,0.00378939900981798,26.69228133300021,
EPOL,emerging,6,5,2,0.0037903675682834587,26.75289816700024,
EPOL,emerging,6,6,2,0.0037913366486477494,26.095388458999878,
EPOL,emerging,6,7,2,0.0037923062513411715,22.834042874999795,
EPOL,emerging,6,8,2,0.0037932763767936604,24.506847042000118,
EPOL,emerging,6,9,2,0.0037942470254363563,23.83844783299992,
EPOL,emerging,6,10,2,0.0037952181977003296,25.41219537500001,
EPOL,emerging,7,2,3,0.0075767432608135,23.520418625000275,
EPOL,emerging,7,3,3,0.007578679266693568,26.46971808299986,
EPOL,emerging,7,4,3,0.007580616315453904,24.961505166999814,
EPOL,emerging,7,5,3,0.007582554407953625,25.551207333000093,
EPOL,emerging,7,6,3,0.00758449354505187,23.27791754200007,
EPOL,emerging,7,7,3,0.00758643372761003,25.428786874999787,
EPOL,emerging,7,8,3,0.007588374956489686,23.760180582999965,
EPOL,emerging,7,9,3,0.007590317232553552,24.858823708000273,
EPOL,emerging,7,10,3,0.007592260556664526,23.673204499999883,
EPOL,emerging,8,2,3,0.00757867926669357,25.660985542000162,
EPOL,emerging,8,3,3,0.007580616315453904,25.226264083000387,
EPOL,emerging,8,4,3,0.007582554407953625,25.6944454580007,
EPOL,emerging,8,5,3,0.00758449354505187,24.061342749999312,
EPOL,emerging,8,6,3,0.00758643372761003,25.340552165999725,
EPOL,emerging,8,7,3,0.007588374956489686,24.368977207999706,
EPOL,emerging,8,8,3,0.007590317232553552,25.05579574999956,
EPOL,emerging,8,9,3,0.007592260556664526,22.965462459000264,
EPOL,emerging,8,10,3,0.007594204929688099,25.708604790999743,
EPOL,emerging,9,2,3,0.007580616315453906,24.98897712500002,
EPOL,emerging,9,3,3,0.007582554407953625,25.6635468329996,
EPOL,emerging,9,4,3,0.00758449354505187,23.301284125000166,
EPOL,emerging,9,5,3,0.00758643372761003,25.9386161249995,
EPOL,emerging,9,6,3,0.007588374956489686,24.909412125000017,
EPOL,emerging,9,7,3,0.007590317232553552,25.31135604100018,
EPOL,emerging,9,8,3,0.007592260556664526,22.832152749999295,
EPOL,emerging,9,9,3,0.007594204929688099,25.968822916000136,
EPOL,emerging,9,10,3,0.007596150352489452,24.928725249999843,
EPOL,emerging,10,2,3,0.007582554407953625,25.46671037499982,
EPOL,emerging,10,3,3,0.00758449354505187,24.339086124999994,
EPOL,emerging,10,4,3,0.00758643372761003,24.945928666999862,
EPOL,emerging,10,5,3,0.007588374956489686,23.822486041000047,
EPOL,emerging,10,6,3,0.007590317232553552,24.396932124999694,
EPOL,emerging,10,7,3,0.007592260556664526,23.16066191600021,
EPOL,emerging,10,8,3,0.007594204929688099,19.444048208000822,
EPOL,emerging,10,9,3,0.007596150352489452,18.718169540999952,
EPOL,emerging,10,10,3,0.007598096825935087,14.168033333000494,
EWG,developed,2,2,4,0.020981602655173525,29.663682375000008,
EWG,developed,2,3,4,0.023981615181911994,28.75346295899999,
EWG,developed,2,4,3,0.01984607251293288,29.66472233400009,
EWG,developed,2,5,6,0.03156491479289595,28.750982625000233,
EWG,developed,2,6,7,0.029149595487478017,29.6244261249999,
EWG,developed,2,7,5,0.02757691449568184,28.201471667000078,
EWG,developed,2,8,4,0.027010151085915174,29.610321542000293,
EWG,developed,2,9,3,0.007580616315453906,28.70791162500018,
EWG,developed,2,10,6,0.03424702284052085,25.66151412499994,
EWG,developed,3,2,3,0.010780435072685071,26.96807620899972,
EWG,developed,3,3,3,0.007570941491880121,27.769534167000074,
EWG,developed,3,4,3,0.007572874374263213,26.47249970799976,
EWG,developed,3,5,4,0.011362034486240704,27.32225812500019,
EWG,developed,3,6,4,0.011364936829918165,26.45267429200021,
EWG,developed,3,7,3,0.010794117271251829,28.044456874999923,
EWG,developed,3,8,3,0.01079685811557481,28.107216166999933,
EWG,developed,3,9,3,0.010799600430914392,22.273165541000253,
EWG,developed,3,10,5,0.015168511122870341,23.087325165999573,
EWG,developed,4,2,3,0.01078316858000371,27.263509040999907,
EWG,developed,4,3,3,0.007572874374263213,26.783183999999892,
EWG,developed,4,4,4,0.011362034486240692,27.44579858299994,
EWG,developed,4,5,4,0.011364936829918165,26.221348874999876,
EWG,developed,4,6,3,0.00757867926669357,26.952391833000092,
EWG,developed,4,7,4,0.01137074620739723,26.432083333000264,
EWG,developed,4,8,4,0.011373653243773499,25.569121874999837,
EWG,developed,4,9,3,0.00758449354505187,21.667252959000052,
EWG,developed,4,10,3,0.007586433727610031,27.039898042000004,
EWG,developed,5,2,3,0.010785903552317292,26.137305790999562,
EWG,developed,5,3,3,0.007574808296955398,26.839185334000376,
EWG,developed,5,4,3,0.0075767432608135,25.508014541000193,
EWG,developed,5,5,3,0.007578679266693568,26.14034704200003,
EWG,developed,5,6,3,0.007580616315453904,25.475071166999896,
EWG,developed,5,7,3,0.007582554407953625,25.952396290999786,
EWG,developed,5,8,3,0.00758449354505187,22.42417549999982,
EWG,developed,5,9,3,0.00758643372761003,27.098594624999805,
EWG,developed,5,10,3,0.007588374956489686,25.897586874999888,
EWG,developed,6,2,3,0.010788639990827265,27.409824458999992,
EWG,developed,6,3,3,0.0075767432608135,25.831060167000032,
EWG,developed,6,4,3,0.007578679266693568,26.778570124999987,
EWG,developed,6,5,3,0.007580616315453904,26.184051499999896,
EWG,developed,6,6,3,0.007582554407953625,24.88094533399999,
EWG,developed,6,7,3,0.00758449354505187,23.833890207999957,
EWG,developed,6,8,3,0.00758643372761003,26.202894667000237,
EWG,developed,6,9,3,0.007588374956489686,26.0940877500002,
EWG,developed,6,10,3,0.007590317232553552,26.670955957999922,
EWG,developed,7,2,3,0.00757674326081334,24.927375582999957,
EWG,developed,7,3,3,0.007578679266693568,26.943189125000117,
EWG,developed,7,4,3,0.007580616315453904,25.166725583000243,
EWG,developed,7,5,3,0.007582554407953625,25.946325540999624,
EWG,developed,7,6,3,0.00758449354505187,24.394718334000117,
EWG,developed,7,7,3,0.00758643372761003,25.639670916999876,
EWG,developed,7,8,3,0.007588374956489686,24.291728375000275,
EWG,developed,7,9,3,0.007590317232553552,26.466383583999686,
EWG,developed,7,10,3,0.007592260556664526,25.008823957999994,
EWG,developed,8,2,3,0.00757867926669357,26.117390832999718,
EWG,developed,8,3,3,0.007580616315453904,25.55938558300022,
EWG,developed,8,4,3,0.007582554407953625,25.543600708000213,
EWG,developed,8,5,3,0.00758449354505187,23.927885375000187,
EWG,developed,8,6,3,0.00758643372761003,23.972747374999926,
EWG,developed,8,7,3,0.007588374956489686,24.936513540999385,
EWG,developed,8,8,3,0.007590317232553552,26.40131212499955,
EWG,developed,8,9,3,0.007592260556664526,24.22184362500002,
EWG,developed,8,10,3,0.007594204929688099,26.57730762500023,
EWG,developed,9,2,3,0.007580616315453906,26.499071124999773,
EWG,developed,9,3,3,0.007582554407953625,25.7635933749998,
EWG,developed,9,4,3,0.00758449354505187,23.951911124999242,
EWG,developed,9,5,3,0.00758643372761003,24.22653183300008,
EWG,developed,9,6,3,0.007588374956489686,23.475035082999966,
EWG,developed,9,7,3,0.007590317232553552,25.254237125000145,
EWG,developed,9,8,3,0.007592260556664526,23.75316141700023,
EWG,developed,9,9,3,0.007594204929688099,27.333888916999967,
EWG,developed,9,10,3,0.007596150352489452,25.842213042000367,
EWG,developed,10,2,3,0.007582554407953625,26.08257420799964,
EWG,developed,10,3,3,0.00758449354505187,23.717937583000094,
EWG,developed,10,4,3,0.007586433727610031,24.163588291999986,
EWG,developed,10,5,3,0.007588374956489686,23.411016458999256,
EWG,developed,10,6,3,0.007590317232553552,23.17615999999998,
EWG,developed,10,7,3,0.007592260556664526,21.569911417000185,
EWG,developed,10,8,3,0.007594204929688099,20.869832291999955,
EWG,developed,10,9,3,0.007596150352489452,19.535594874999333,
EWG,developed,10,10,3,0.007598096825935087,15.84445845800019,
EWJ,developed,2,2,3,0.0075670788446232234,29.734579582999686,
EWJ,developed,2,3,3,0.0075690096489513786,29.02515512500031,
EWJ,developed,2,4,4,0.011356234482582172,29.749528332999944,
EWJ,developed,2,5,5,0.018358066327809775,29.697599457999786,
EWJ,developed,2,6,3,0.014002352999849407,29.76907883399963,
EWJ,developed,2,7,4,0.020791641848312812,28.612170083999445,
EWJ,developed,2,8,3,0.00757867926669357,30.367033500000616,
EWJ,developed,2,9,4,0.017586262631320595,29.58431095800006,
EWJ,developed,2,10,4,0.017590715735557864,24.229069625000193,
EWJ,developed,3,2,4,0.0113533368200354,25.137322791999395,
EWJ,developed,3,3,3,0.010783168580003381,28.646428416000163,
EWJ,developed,3,4,4,0.011359133704223198,27.84525895800016,
EWJ,developed,3,5,3,0.007574808296955398,28.610455832999833,
EWJ,developed,3,6,3,0.013789407544493738,26.480257291999806,
EWJ,developed,3,7,4,0.01458315991996655,28.363793749999786,
EWJ,developed,3,8,4,0.017802873105399256,27.410679042000083,
EWJ,developed,3,9,3,0.007582554407953625,24.01931633300046,
EWJ,developed,3,10,4,0.017811906081609305,21.99828104199969,
EWJ,developed,4,2,2,0.0037855299863634047,24.607191582999803,
EWJ,developed,4,3,2,0.003786496461522925,26.437273375000586,
EWJ,developed,4,4,3,0.007574808296955398,26.772795333999966,
EWJ,developed,4,5,3,0.00757674326081334,25.405442834000496,
EWJ,developed,4,6,3,0.007578679266693568,26.618680999999924,
EWJ,developed,4,7,3,0.007580616315453906,25.941506791999927,
EWJ,developed,4,8,3,0.007582554407953625,25.16604550000011,
EWJ,developed,4,9,3,0.00758449354505187,22.724258917000043,
EWJ,developed,4,10,3,0.00758643372761003,23.191774124999938,
EWJ,developed,5,2,3,0.007572874374263213,25.618034375000207,
EWJ,developed,5,3,3,0.007574808296955398,26.661984834000577,
EWJ,developed,5,4,3,0.00757674326081334,25.15498908399968,
EWJ,developed,5,5,3,0.00757867926669357,26.52406320800037,
EWJ,developed,5,6,3,0.007580616315453906,25.236103083999296,
EWJ,developed,5,7,2,0.0037913366486477494,24.606790333999925,
EWJ,developed,5,8,3,0.00758449354505187,22.511037415999454,
EWJ,developed,5,9,3,0.00758643372761003,24.648111041999982,
EWJ,developed,5,10,2,0.0037942470254363563,25.042310707999604,
EWJ,developed,6,2,3,0.007574808296955398,26.982602916999895,
EWJ,developed,6,3,3,0.0075767432608135,24.862118375000136,
EWJ,developed,6,4,3,0.00757867926669357,26.12506245900022,
EWJ,developed,6,5,3,0.007580616315453906,25.457094415999563,
EWJ,developed,6,6,3,0.007582554407953625,25.68340787499983,
EWJ,developed,6,7,3,0.00758449354505187,24.345873708,
EWJ,developed,6,8,3,0.00758643372761003,25.32263020800019,
EWJ,developed,6,9,3,0.007588374956489686,24.105580124999506,
EWJ,developed,6,10,3,0.007590317232553552,25.921503667000252,
EWJ,developed,7,2,3,0.0075767432608135,24.508149332999892,
EWJ,developed,7,3,3,0.007578679266693568,25.92879316699964,
EWJ,developed,7,4,3,0.007580616315453906,25.193389125000067,
EWJ,developed,7,5,3,0.007582554407953625,25.054500792,
EWJ,developed,7,6,3,0.00758449354505187,23.301195041999563,
EWJ,developed,7,7,3,0.00758643372761003,25.20027654200021,
EWJ,developed,7,8,3,0.007588374956489686,23.524283124999783,
EWJ,developed,7,9,3,0.007590317232553552,26.957842625000012,
EWJ,developed,7,10,3,0.007592260556664526,24.867496584000037,
EWJ,developed,8,2,3,0.007578679266693568,26.655164000000696,
EWJ,developed,8,3,3,0.007580616315453906,25.642443124999772,
EWJ,developed,8,4,3,0.007582554407953625,24.775559042000168,
EWJ,developed,8,5,3,0.00758449354505187,23.303630333,
EWJ,developed,8,6,3,0.007586433727610031,25.105101832999935,
EWJ,developed,8,7,3,0.007588374956489688,22.99317929100016,
EWJ,developed,8,8,3,0.007590317232553552,24.544612790999963,
EWJ,developed,8,9,3,0.007592260556664526,24.42985420900004,
EWJ,developed,8,10,3,0.007594204929688099,25.665196250000008,
EWJ,developed,9,2,3,0.007580616315453904,25.25413374999971,
EWJ,developed,9,3,3,0.007582554407953625,25.30242129099952,
EWJ,developed,9,4,3,0.00758449354505187,23.82935116600038,
EWJ,developed,9,5,3,0.007586433727610031,26.723429957999542,
EWJ,developed,9,6,3,0.007588374956489688,25.247027208999498,
EWJ,developed,9,7,3,0.007590317232553552,24.75023266700009,
EWJ,developed,9,8,3,0.007592260556664526,24.232957458999408,
EWJ,developed,9,9,3,0.007594204929688099,25.77492954199988,
EWJ,developed,9,10,3,0.0075961503524894555,24.12019700000019,
EWJ,developed,10,2,3,0.007582554407953625,25.010822958000062,
EWJ,developed,10,3,3,0.00758449354505187,23.356779500000812,
EWJ,developed,10,4,3,0.007586433727610031,25.148400749999382,
EWJ,developed,10,5,3,0.007588374956489688,23.22112270800062,
EWJ,developed,10,6,3,0.007590317232553552,22.694237583999893,
EWJ,developed,10,7,3,0.007592260556664688,21.200707582999712,
EWJ,developed,10,8,3,0.0075942049296882615,21.639990749999924,
EWJ,developed,10,9,3,0.0075961503524894555,19.847884625000006,
EWJ,developed,10,10,3,0.007598096825935088,15.877345916000195,
EWU,developed,2,2,6,0.03417805396641139,29.19683945900033,
EWU,developed,2,3,10,0.04689847948105243,28.511910499999885,
EWU,developed,2,4,4,0.02662622496426473,29.949853000000076,
EWU,developed,2,5,8,0.04877117692538019,28.222109374999945,
EWU,developed,2,6,9,0.05441836891352065,29.207454000000325,
EWU,developed,2,7,9,0.05154741762561985,28.377662709000106,
EWU,developed,2,8,3,0.020006621547968055,29.20844662499985,
EWU,developed,2,9,10,0.05582388821041271,28.48421579199976,
EWU,developed,2,10,9,0.05562133270401581,27.33669620899991,
EWU,developed,3,2,3,0.010780435072685071,26.661466958000346,
EWU,developed,3,3,3,0.010783168580003697,28.546417082999596,
EWU,developed,3,4,4,0.0177848361759039,27.17776245899995,
EWU,developed,3,5,6,0.03478589608011607,28.201932915999805,
EWU,developed,3,6,3,0.025715651233372553,26.5790014170002,
EWU,developed,3,7,5,0.03044142398824185,28.41588745900026,
EWU,developed,3,8,7,0.041600011611930984,27.61278616699974,
EWU,developed,3,9,9,0.04883283936583494,24.362022334000358,
EWU,developed,3,10,8,0.042411993286580935,25.00080108400016,
EWU,developed,4,2,3,0.007570941491880121,27.532413333000022,
EWU,developed,4,3,3,0.007572874374263213,26.283734957999968,
EWU,developed,4,4,3,0.007574808296955398,27.652778290999777,
EWU,developed,4,5,4,0.011364936829918165,25.828784124999856,
EWU,developed,4,6,4,0.011367840736541216,27.52260033399989,
EWU,developed,4,7,3,0.007580616315453904,26.827174209000077,
EWU,developed,4,8,4,0.011373653243773488,23.97256537500016,
EWU,developed,4,9,3,0.00758449354505187,21.59395212499976,
EWU,developed,4,10,3,0.007586433727610031,25.0356822079998,
EWU,developed,5,2,3,0.007572874374263215,26.09800287500002,
EWU,developed,5,3,4,0.011362034486240704,26.845290249999834,
EWU,developed,5,4,4,0.011364936829917998,25.18286183400005,
EWU,developed,5,5,4,0.01458315991996655,26.454800292000073,
EWU,developed,5,6,4,0.014586869118155555,25.491381416999957,
EWU,developed,5,7,4,0.011373653243773488,24.74282387500034,
EWU,developed,5,8,4,0.014594293494389152,23.26497166700028,
EWU,developed,5,9,3,0.00758643372761003,24.81844304199967,
EWU,developed,5,10,3,0.007588374956489686,25.32558066599995,
EWU,developed,6,2,3,0.007574808296955398,26.247674582999935,
EWU,developed,6,3,4,0.011364936829917998,24.740199291999943,
EWU,developed,6,4,4,0.011367840736541212,26.056155082999794,
EWU,developed,6,5,4,0.011370746207397068,25.234817708000264,
EWU,developed,6,6,3,0.007582554407953625,25.11336637500017,
EWU,developed,6,7,4,0.011376561846959806,22.062269625000226,
EWU,developed,6,8,4,0.014598008675710381,23.731801915999768,
EWU,developed,6,9,4,0.014601725854690176,25.42273762500008,
EWU,developed,6,10,4,0.0146054450329715,25.886377666000044,
EWU,developed,7,2,3,0.0075767432608135,24.972223332999874,
EWU,developed,7,3,4,0.014583159919966709,26.634261582999898,
EWU,developed,7,4,3,0.007580616315453904,25.266446832999918,
EWU,developed,7,5,4,0.011373653243773488,24.491134167000382,
EWU,developed,7,6,4,0.011376561846959806,22.43756004199986,
EWU,developed,7,7,4,0.011379472018247206,24.93107295799973,
EWU,developed,7,8,4,0.011382383758928595,24.344115625000086,
EWU,developed,7,9,4,0.011385297070296665,26.408054916999845,
EWU,developed,7,10,3,0.007592260556664526,24.291791791999913,
EWU,developed,8,2,3,0.007578679266693568,26.362060750000182,
EWU,developed,8,3,3,0.007580616315453904,25.707466458,
EWU,developed,8,4,3,0.007582554407953625,25.403827250000177,
EWU,developed,8,5,5,0.021603617202867152,23.114682667000125,
EWU,developed,8,6,4,0.01459800867571039,25.13471508299972,
EWU,developed,8,7,3,0.007588374956489686,23.301539457999752,
EWU,developed,8,8,3,0.007590317232553552,24.88052791700011,
EWU,developed,8,9,4,0.014609166212198422,24.661163665999993,
EWU,developed,8,10,4,0.011391128410280029,25.666945958999804,
EWU,developed,9,2,3,0.007580616315453904,25.352098124999884,
EWU,developed,9,3,3,0.007582554407953625,26.10261604199968,
EWU,developed,9,4,3,0.00758449354505187,24.252967249999983,
EWU,developed,9,5,3,0.007586433727610031,24.93601691599997,
EWU,developed,9,6,3,0.007588374956489686,23.37015129199972,
EWU,developed,9,7,4,0.011385297070296663,23.204641959000128,
EWU,developed,9,8,4,0.014609166212199222,23.749920457999906,
EWU,developed,9,9,4,0.011391128410280029,26.347649999999703,
EWU,developed,9,10,4,0.011394046441488979,24.59621049999987,
EWU,developed,10,2,3,0.007582554407953625,25.10754116699991,
EWU,developed,10,3,3,0.00758449354505187,24.239005500000076,
EWU,developed,10,4,4,0.01459800867571039,24.886152207999658,
EWU,developed,10,5,3,0.007588374956489688,23.800593458000094,
EWU,developed,10,6,3,0.007590317232553552,23.69162958400011,
EWU,developed,10,7,3,0.007592260556664526,21.257257874999596,
EWU,developed,10,8,3,0.007594204929688099,20.57871908399966,
EWU,developed,10,9,3,0.007596150352489452,19.06621958400001,
EWU,developed,10,10,3,0.007598096825935087,13.641053542000009,
EWZ,emerging,2,2,8,0.03910594295380907,29.382503416999498,
EWZ,emerging,2,3,8,0.039115840847007484,28.716564125000332,
EWZ,emerging,2,4,8,0.039125744038056826,29.72614608299955,
EWZ,emerging,2,5,6,0.03777283008871732,28.76006116700046,
EWZ,emerging,2,6,4,0.032708742267663043,29.427494374999696,
EWZ,emerging,2,7,5,0.033864052287756456,27.227514707999944,
EWZ,emerging,2,8,4,0.026869524294270707,29.02601929100001,
EWZ,emerging,2,9,10,0.04696994820277469,28.84093666700028,
EWZ,emerging,2,10,5,0.03388964267466693,23.205961916999513,
EWZ,emerging,3,2,2,0.003784564030960091,26.209936582999944,
EWZ,emerging,3,3,6,0.03134063781292659,27.543303500000548,
EWZ,emerging,3,4,5,0.027779367674654335,27.51459154099939,
EWZ,emerging,3,5,6,0.034785896080116,28.298949250000078,
EWZ,emerging,3,6,3,0.010791377896737772,26.628733167000064,
EWZ,emerging,3,7,7,0.03237914272093396,28.25081175000014,
EWZ,emerging,3,8,5,0.031022976753197637,27.25625725000009,
EWZ,emerging,3,9,8,0.04240124885449159,23.10698549999961,
EWZ,emerging,3,10,7,0.0386209974519551,21.232292791999498,
EWZ,emerging,4,2,3,0.007570941491880121,27.1728881250001,
EWZ,emerging,4,3,4,0.014572044265481188,26.495164125000883,
EWZ,emerging,4,4,3,0.01400235299984957,27.53442854199966,
EWZ,emerging,4,5,3,0.0075767432608135,25.6378624580002,
EWZ,emerging,4,6,4,0.014583159919966712,29.047857333000138,
EWZ,emerging,4,7,4,0.01458686911815572,26.243036167000355,
EWZ,emerging,4,8,3,0.007582554407953625,24.25255466699946,
EWZ,emerging,4,9,3,0.010802344218478132,21.229062082999917,
EWZ,emerging,4,10,3,0.01402362613693989,25.576192792000256,
EWZ,emerging,5,2,3,0.007572874374263213,24.762385791999804,
EWZ,emerging,5,3,4,0.011362034486240692,26.147939999999835,
EWZ,emerging,5,4,3,0.0075767432608135,24.56846987500012,
EWZ,emerging,5,5,4,0.011367840736541216,25.808352625000225,
EWZ,emerging,5,6,4,0.01137074620739723,26.6583365839997,
EWZ,emerging,5,7,4,0.011373653243773499,26.08650329200009,
EWZ,emerging,5,8,4,0.0113765618469598,23.86620404199948,
EWZ,emerging,5,9,4,0.011379472018247051,25.08966566700019,
EWZ,emerging,5,10,3,0.007588374956489686,24.31910599999992,
EWZ,emerging,6,2,4,0.011362034486240694,25.563555708999957,
EWZ,emerging,6,3,4,0.011364936829918165,23.678394874999867,
EWZ,emerging,6,4,4,0.011367840736541217,25.333303249999517,
EWZ,emerging,6,5,4,0.01137074620739723,26.068556833000002,
EWZ,emerging,6,6,4,0.011373653243773499,26.55321550000008,
EWZ,emerging,6,7,4,0.011376561846959798,24.042322541999965,
EWZ,emerging,6,8,3,0.00758643372761003,25.512287249999645,
EWZ,emerging,6,9,3,0.007588374956489686,24.291304124999442,
EWZ,emerging,6,10,3,0.007590317232553552,25.17398349999985,
EWZ,emerging,7,2,4,0.011364936829918165,23.299391958999877,
EWZ,emerging,7,3,4,0.011367840736541216,25.552331875000164,
EWZ,emerging,7,4,4,0.01137074620739723,25.91088858400053,
EWZ,emerging,7,5,4,0.011373653243773499,24.397406166999644,
EWZ,emerging,7,6,4,0.011376561846959798,23.106615042000158,
EWZ,emerging,7,7,4,0.011379472018247051,25.248824041999796,
EWZ,emerging,7,8,3,0.007588374956489686,24.729130124999756,
EWZ,emerging,7,9,3,0.007590317232553552,25.762292708000132,
EWZ,emerging,7,10,3,0.007592260556664526,24.202759458999935,
EWZ,emerging,8,2,4,0.011367840736541217,25.059919166000327,
EWZ,emerging,8,3,4,0.01137074620739723,25.056275084000845,
EWZ,emerging,8,4,4,0.011373653243773499,25.699262875000386,
EWZ,emerging,8,5,4,0.011376561846959798,23.331999707999785,
EWZ,emerging,8,6,4,0.014598008675711593,25.675505166999756,
EWZ,emerging,8,7,4,0.011382383758928595,24.713851040999543,
EWZ,emerging,8,8,4,0.011385297070296665,25.28314708400012,
EWZ,emerging,8,9,4,0.011388211953648383,23.37102629200035,
EWZ,emerging,8,10,3,0.007594204929688099,26.150644499999544,
EWZ,emerging,9,2,4,0.014586869118155318,25.046883875000276,
EWZ,emerging,9,3,3,0.007582554407953625,25.39991795900005,
EWZ,emerging,9,4,4,0.011376561846959798,24.11025462499947,
EWZ,emerging,9,5,4,0.011379472018247051,25.01551387499967,
EWZ,emerging,9,6,4,0.011382383758928595,24.239558833000046,
EWZ,emerging,9,7,3,0.007590317232553552,24.80397716600055,
EWZ,emerging,9,8,4,0.011388211953648383,23.857401707999998,
EWZ,emerging,9,9,4,0.011391128410280029,26.02274208400013,
EWZ,emerging,9,10,4,0.011394046441488979,24.173737207999693,
EWZ,emerging,10,2,3,0.007582554407953625,26.16698533300041,
EWZ,emerging,10,3,3,0.00758449354505187,23.538631833999716,
EWZ,emerging,10,4,4,0.011379472018247051,25.115132625000115,
EWZ,emerging,10,5,4,0.011382383758928595,24.197936042000038,
EWZ,emerging,10,6,4,0.011385297070296665,24.569451916000617,
EWZ,emerging,10,7,3,0.007592260556664526,22.7985920000001,
EWZ,emerging,10,8,4,0.011391128410280029,21.255027665999478,
EWZ,emerging,10,9,4,0.011394046441488979,19.537029084000096,
EWZ,emerging,10,10,4,0.011396966048575737,16.09951375000037,
INDA,emerging,2,2,5,0.02476449067012921,29.662944083000184,
INDA,emerging,2,3,6,0.03454332254345271,28.27610445800019,
INDA,emerging,2,4,5,0.03362220268333013,30.40491316600037,
INDA,emerging,2,5,5,0.024783294059913596,28.769742459000554,
INDA,emerging,2,6,5,0.0306425310746331,29.409051874999932,
INDA,emerging,2,7,10,0.04051908954330772,28.467653083000187,
INDA,emerging,2,8,8,0.03916540986764769,29.371557833000224,
INDA,emerging,2,9,3,0.017012374539498696,28.483772542000224,
INDA,emerging,2,10,5,0.0245980275830421,26.950648125000043,
INDA,emerging,3,2,8,0.032911007063743364,27.171272042000055,
INDA,emerging,3,3,3,0.019846072512932914,27.657353957999476,
INDA,emerging,3,4,4,0.023993701769239192,27.52465900000061,
INDA,emerging,3,5,5,0.03399607741550522,28.14830508399973,
INDA,emerging,3,6,7,0.04157900490354941,27.104037791999872,
INDA,emerging,3,7,6,0.03480347645815229,27.962370583000848,
INDA,emerging,3,8,4,0.03287399895214591,27.34680570800083,
INDA,emerging,3,9,5,0.0306734300737907,24.067753583000012,
INDA,emerging,3,10,7,0.04101815091728053,24.15222300000005,
INDA,emerging,4,2,4,0.014568343021903636,27.223299917000077,
INDA,emerging,4,3,4,0.011359133704223352,27.300556541000333,
INDA,emerging,4,4,4,0.011362034486240692,27.624642499999936,
INDA,emerging,4,5,4,0.011364936829918165,26.350916084000346,
INDA,emerging,4,6,3,0.00757867926669357,28.17887141599931,
INDA,emerging,4,7,3,0.010796858115574655,27.297016624999742,
INDA,emerging,4,8,4,0.011373653243773499,23.825259582999934,
INDA,emerging,4,9,3,0.01080234421847813,21.628607042000112,
INDA,emerging,4,10,3,0.00758643372761003,26.700710416999755,
INDA,emerging,5,2,3,0.007572874374263213,25.950542334000602,
INDA,emerging,5,3,4,0.011362034486240702,26.913631833999716,
INDA,emerging,5,4,4,0.011364936829918154,25.51518841699999,
INDA,emerging,5,5,3,0.007578679266693568,26.777108292000776,
INDA,emerging,5,6,4,0.01137074620739723,25.198749666999902,
INDA,emerging,5,7,3,0.007582554407953626,24.982374832999994,
INDA,emerging,5,8,4,0.011376561846959798,22.78629408300003,
INDA,emerging,5,9,4,0.011379472018247051,26.923200333999375,
INDA,emerging,5,10,4,0.011382383758928595,25.83175008299986,
INDA,emerging,6,2,4,0.011362034486240704,26.610864791000495,
INDA,emerging,6,3,3,0.00757674326081334,24.898353749999842,
INDA,emerging,6,4,3,0.00757867926669357,27.506786334000026,
INDA,emerging,6,5,3,0.007580616315453904,26.114973499999905,
INDA,emerging,6,6,4,0.01459058030908415,26.159929792000185,
INDA,emerging,6,7,3,0.00758449354505187,23.668377125000006,
INDA,emerging,6,8,3,0.00758643372761003,25.360417790999236,
INDA,emerging,6,9,3,0.007588374956489686,24.565147708999575,
INDA,emerging,6,10,3,0.007590317232553552,26.103316749999976,
INDA,emerging,7,2,3,0.0075767432608135,24.10135200000059,
INDA,emerging,7,3,3,0.00757867926669357,26.150305500000286,
INDA,emerging,7,4,3,0.007580616315453906,24.697404542000186,
INDA,emerging,7,5,3,0.007582554407953625,26.591675749999922,
INDA,emerging,7,6,3,0.00758449354505187,24.22355145899928,
INDA,emerging,7,7,3,0.00758643372761003,26.114522208999915,
INDA,emerging,7,8,4,0.011382383758928588,25.33787333300006,
INDA,emerging,7,9,3,0.007590317232553552,25.74286116700023,
INDA,emerging,7,10,3,0.007592260556664526,24.593064458999834,
INDA,emerging,8,2,3,0.007578679266693568,26.171937124999204,
INDA,emerging,8,3,4,0.011370746207397229,25.061480334000407,
INDA,emerging,8,4,3,0.007582554407953625,24.708212499999718,
INDA,emerging,8,5,3,0.00758449354505187,23.161789291000787,
INDA,emerging,8,6,3,0.007586433727610031,26.496786333000273,
INDA,emerging,8,7,3,0.007588374956489686,25.560451500000454,
INDA,emerging,8,8,4,0.011385297070296663,26.86178766699959,
INDA,emerging,8,9,3,0.007592260556664526,25.390739624999696,
INDA,emerging,8,10,3,0.007594204929688099,26.58166062500004,
INDA,emerging,9,2,4,0.011370746207397068,25.275111167000432,
INDA,emerging,9,3,4,0.011373653243773492,25.8020534999996,
INDA,emerging,9,4,3,0.00758449354505187,24.461712958000135,
INDA,emerging,9,5,3,0.00758643372761003,25.295316249999814,
INDA,emerging,9,6,3,0.007588374956489688,24.358563459000834,
INDA,emerging,9,7,3,0.007590317232553552,25.975671584000338,
INDA,emerging,9,8,4,0.011388211953648383,24.493594833000316,
INDA,emerging,9,9,3,0.007594204929688099,26.247383875000196,
INDA,emerging,9,10,3,0.007596150352489452,25.871330999999373,
INDA,emerging,10,2,3,0.007582554407953625,26.156873291999545,
INDA,emerging,10,3,4,0.011376561846959805,24.884360084000036,
INDA,emerging,10,4,3,0.007586433727610031,24.422575040999618,
INDA,emerging,10,5,3,0.007588374956489686,23.438774750000448,
INDA,emerging,10,6,3,0.007590317232553552,23.760633875000167,
INDA,emerging,10,7,3,0.007592260556664526,22.692032792000646,
INDA,emerging,10,8,4,0.011391128410280027,22.768991332999576,
INDA,emerging,10,9,4,0.01461661458008582,21.570290874999955,
INDA,emerging,10,10,3,0.007598096825935087,15.31261799999993,
MCHI,emerging,2,2,3,0.010777703029161454,29.014741582999704,
MCHI,emerging,2,3,3,0.010780435072685227,29.28130158299973,
MCHI,emerging,2,4,4,0.014568343021903477,29.147730124999725,
MCHI,emerging,2,5,8,0.03935201467006644,29.091378499999337,
MCHI,emerging,2,6,7,0.035359290575529646,29.128269290999924,
MCHI,emerging,2,7,6,0.035011170154116596,28.412104750000253,
MCHI,emerging,2,8,8,0.039165409867646966,29.880492416999914,
MCHI,emerging,2,9,4,0.027016950236046788,29.537264499999765,
MCHI,emerging,2,10,6,0.03182153569950821,26.129129541999646,
MCHI,emerging,3,2,2,0.00699610790160137,27.948423875000117,
MCHI,emerging,3,3,3,0.007570941491880121,28.588353083000584,
MCHI,emerging,3,4,3,0.010785903552317197,27.90479120800046,
MCHI,emerging,3,5,3,0.007574808296955398,28.504855416999817,
MCHI,emerging,3,6,3,0.00757674326081334,27.25863333399957,
MCHI,emerging,3,7,3,0.00757867926669357,28.200549959000455,
MCHI,emerging,3,8,4,0.01137074620739707,27.41138170799968,
MCHI,emerging,3,9,3,0.007582554407953625,22.38885641700017,
MCHI,emerging,3,10,3,0.010802344218478293,24.45180983299997,
MCHI,emerging,4,2,3,0.007570941491880121,28.052554542000507,
MCHI,emerging,4,3,2,0.003786496461522925,27.24371329099995,
MCHI,emerging,4,4,2,0.003787463456866613,28.234590540999307,
MCHI,emerging,4,5,2,0.0037884309728220393,26.634855416999926,
MCHI,emerging,4,6,3,0.00757867926669357,27.630463208000037,
MCHI,emerging,4,7,3,0.007580616315453904,26.961703791999753,
MCHI,emerging,4,8,3,0.007582554407953625,24.5625825420002,
MCHI,emerging,4,9,3,0.00758449354505187,21.01067120799962,
MCHI,emerging,4,10,3,0.00758643372761003,26.9397596660001,
MCHI,emerging,5,2,3,0.007572874374263215,26.292601457999808,
MCHI,emerging,5,3,3,0.007574808296955398,26.587855624999975,
MCHI,emerging,5,4,2,0.0037884309728220393,25.613685166000323,
MCHI,emerging,5,5,2,0.00378939900981798,27.221191583999826,
MCHI,emerging,5,6,2,0.0037903675682834587,26.07752766699923,
MCHI,emerging,5,7,2,0.0037913366486477494,26.64441345799969,
MCHI,emerging,5,8,2,0.0037923062513411715,23.961743292000392,
MCHI,emerging,5,9,2,0.0037932763767936604,26.848949000000175,
MCHI,emerging,5,10,5,0.1596149921699835,25.63008308299959,
MCHI,emerging,6,2,3,0.007574808296955398,26.97758895900006,
MCHI,emerging,6,3,3,0.00757674326081334,24.953437084000143,
MCHI,emerging,6,4,3,0.007578679266693568,26.789904917000058,
MCHI,emerging,6,5,3,0.007580616315453904,25.48286837500018,
MCHI,emerging,6,6,3,0.007582554407953625,25.124216375000287,
MCHI,emerging,6,7,3,0.00758449354505187,22.93201500000032,
MCHI,emerging,6,8,3,0.00758643372761003,25.824467415999607,
MCHI,emerging,6,9,3,0.007588374956489688,25.499020917000053,
MCHI,emerging,6,10,3,0.007590317232553552,26.66483962500024,
MCHI,emerging,7,2,3,0.00757674326081334,24.826266957999906,
MCHI,emerging,7,3,3,0.007578679266693568,29.572471333000067,
MCHI,emerging,7,4,3,0.007580616315453906,26.111633375000565,
MCHI,emerging,7,5,3,0.007582554407953625,25.125867665999976,
MCHI,emerging,7,6,3,0.00758449354505187,22.70860108299985,
MCHI,emerging,7,7,3,0.00758643372761003,25.428074250000464,
MCHI,emerging,7,8,3,0.007588374956489686,23.51965441700031,
MCHI,emerging,7,9,3,0.007590317232553552,24.860715290999906,
MCHI,emerging,7,10,3,0.007592260556664526,24.345332709000104,
MCHI,emerging,8,2,3,0.00757867926669357,27.247041208000155,
MCHI,emerging,8,3,3,0.007580616315453906,25.741228708000563,
MCHI,emerging,8,4,3,0.007582554407953625,26.14606025000012,
MCHI,emerging,8,5,3,0.00758449354505187,24.60346162499991,
MCHI,emerging,8,6,3,0.00758643372761003,24.859295875000498,
MCHI,emerging,8,7,3,0.007588374956489686,23.79884262500036,
MCHI,emerging,8,8,3,0.007590317232553552,23.971608500000002,
MCHI,emerging,8,9,3,0.007592260556664526,23.473254125000494,
MCHI,emerging,8,10,3,0.007594204929688099,25.999262249999447,
MCHI,emerging,9,2,3,0.007580616315453906,24.720693666999978,
MCHI,emerging,9,3,3,0.007582554407953625,25.21677666600044,
MCHI,emerging,9,4,3,0.00758449354505187,23.71737750000011,
MCHI,emerging,9,5,3,0.007586433727610031,25.090025624999726,
MCHI,emerging,9,6,3,0.007588374956489688,24.322778916999596,
MCHI,emerging,9,7,3,0.007590317232553552,25.80390349999925,
MCHI,emerging,9,8,3,0.007592260556664688,23.102003083000454,
MCHI,emerging,9,9,3,0.0075942049296882615,26.128132750000077,
MCHI,emerging,9,10,3,0.0075961503524894555,25.15572125000017,
MCHI,emerging,10,2,3,0.007582554407953625,26.959748999999647,
MCHI,emerging,10,3,3,0.00758449354505187,24.34463074999985,
MCHI,emerging,10,4,3,0.007586433727610031,24.85739908300002,
MCHI,emerging,10,5,3,0.007588374956489688,24.298303874999874,
MCHI,emerging,10,6,3,0.007590317232553552,24.660931499999606,
MCHI,emerging,10,7,3,0.007592260556664688,22.18075108299945,
MCHI,emerging,10,8,3,0.007594204929688099,19.611590917000285,
MCHI,emerging,10,9,3,0.007596150352489452,18.860399499999403,
MCHI,emerging,10,10,3,0.007598096825935087,15.056699957999626,
SPY,developed,2,2,3,0.0075670788446232234,29.340215833000002,
SPY,developed,2,3,3,0.0075690096489513786,28.689274791000116,
SPY,developed,2,4,4,0.011356234482582179,29.075963124999817,
SPY,developed,2,5,3,0.007572874374263215,28.65343279200033,
SPY,developed,2,6,3,0.007574808296955398,29.050305207999827,
SPY,developed,2,7,3,0.010791377896737772,28.146674083000107,
SPY,developed,2,8,3,0.01379288811785441,28.970838042000196,
SPY,developed,2,9,3,0.010796858115574813,28.518186415999935,
SPY,developed,2,10,4,0.014590580309084163,26.348031208000066,
SPY,developed,3,2,4,0.011353336820035408,27.149422583999694,
SPY,developed,3,3,3,0.007570941491880121,28.309742417000052,
SPY,developed,3,4,3,0.007572874374263213,27.449296875000073,
SPY,developed,3,5,3,0.007574808296955398,28.005484582999998,
SPY,developed,3,6,3,0.0075767432608135,26.729995249999774,
SPY,developed,3,7,3,0.007578679266693568,27.48248195899987,
SPY,developed,3,8,3,0.007580616315453904,27.266666875000283,
SPY,developed,3,9,3,0.007582554407953625,21.39904079200005,
SPY,developed,3,10,3,0.00758449354505187,24.954120041999886,
SPY,developed,4,2,4,0.011356234482582172,26.488918415999706,
SPY,developed,4,3,3,0.007572874374263213,26.26081212500003,
SPY,developed,4,4,4,0.011362034486240692,26.595540708000044,
SPY,developed,4,5,4,0.011364936829918165,25.905297084000267,
SPY,developed,4,6,4,0.011367840736541217,26.42052862499986,
SPY,developed,4,7,4,0.01137074620739723,26.33072462500013,
SPY,developed,4,8,4,0.011373653243773499,22.890628790999926,
SPY,developed,4,9,4,0.011376561846959798,20.117824582999674,
SPY,developed,4,10,4,0.011379472018247051,26.702090917000078,
SPY,developed,5,2,3,0.007572874374263213,25.574147792000076,
SPY,developed,5,3,3,0.007574808296955398,26.604062375000012,
SPY,developed,5,4,3,0.0075767432608135,25.04313358299987,
SPY,developed,5,5,3,0.007578679266693568,26.387129875000028,
SPY,developed,5,6,4,0.01137074620739723,25.690117333000217,
SPY,developed,5,7,3,0.007582554407953625,24.665188874999785,
SPY,developed,5,8,3,0.00758449354505187,22.161228500000107,
SPY,developed,5,9,3,0.00758643372761003,25.31951195800002,
SPY,developed,5,10,3,0.007588374956489686,24.490263958000014,
SPY,developed,6,2,4,0.014575747495262189,25.216452541999843,
SPY,developed,6,3,3,0.0075767432608135,24.04509300000018,
SPY,developed,6,4,3,0.007578679266693568,26.288198791000013,
SPY,developed,6,5,3,0.007580616315453904,24.17741920799972,
SPY,developed,6,6,3,0.007582554407953625,24.29256158399994,
SPY,developed,6,7,3,0.00758449354505187,22.754466917000173,
SPY,developed,6,8,3,0.00758643372761003,25.671649165999952,
SPY,developed,6,9,3,0.007588374956489686,24.855972000000293,
SPY,developed,6,10,3,0.007590317232553552,26.143489000000045,
SPY,developed,7,2,4,0.014579452712880036,23.999286708,
SPY,developed,7,3,4,0.011367840736541216,26.041279958999894,
SPY,developed,7,4,3,0.007580616315453904,25.041638791999958,
SPY,developed,7,5,3,0.007582554407953625,24.649891916999877,
SPY,developed,7,6,3,0.00758449354505187,22.60770791699997,
SPY,developed,7,7,3,0.00758643372761003,26.140981167000064,
SPY,developed,7,8,3,0.007588374956489686,25.008059958999638,
SPY,developed,7,9,3,0.007590317232553552,26.28187995799999,
SPY,developed,7,10,3,0.007592260556664526,24.44766308399994,
SPY,developed,8,2,4,0.01458315991996647,27.562617000000046,
SPY,developed,8,3,3,0.007580616315453904,24.868679832999987,
SPY,developed,8,4,3,0.007582554407953625,27.42051495800024,
SPY,developed,8,5,3,0.00758449354505187,23.260353542000303,
SPY,developed,8,6,4,0.011379472018247051,24.925271416000214,
SPY,developed,8,7,3,0.007588374956489686,24.43283775000009,
SPY,developed,8,8,3,0.007590317232553552,25.456773542000064,
SPY,developed,8,9,3,0.007592260556664526,23.67932816700022,
SPY,developed,8,10,3,0.007594204929688099,25.373511750000034,
SPY,developed,9,2,2,0.0037903675682834587,26.157587457999853,
SPY,developed,9,3,3,0.007582554407953625,25.41657941700032,
SPY,developed,9,4,3,0.00758449354505187,23.716045541999847,
SPY,developed,9,5,3,0.00758643372761003,26.002748541000074,
SPY,developed,9,6,3,0.007588374956489686,24.86392908400012,
SPY,developed,9,7,3,0.007590317232553552,25.24691887500012,
SPY,developed,9,8,3,0.007592260556664526,23.841060624999955,
SPY,developed,9,9,3,0.007594204929688099,26.022400874999676,
SPY,developed,9,10,3,0.007596150352489452,24.99455795799986,
SPY,developed,10,2,2,0.0037913366486477494,26.02754158300013,
SPY,developed,10,3,3,0.00758449354505187,24.66703491699991,
SPY,developed,10,4,3,0.00758643372761003,24.49055716699968,
SPY,developed,10,5,3,0.007588374956489686,23.585493292000137,
SPY,developed,10,6,4,0.011385297070296665,24.294095000000198,
SPY,developed,10,7,3,0.007592260556664526,22.663733167000373,
SPY,developed,10,8,3,0.007594204929688099,22.60529729100017,
SPY,developed,10,9,3,0.007596150352489452,20.53387170799988,
SPY,developed,10,10,3,0.007598096825935087,16.034123458000067,
